Path,ComputerNameRule,ComputerDomainRule,Priority
/IndependentOperations/,,,
/IndependentOperations/QTAC,,,
/IndependentOperations/UQSport,,,
/IndependentOperations/UQPlayhouse,,,
/IndependentOperations/CITG,,,
/IndependentOperations/CITG/CromwellCollege,,,
/IndependentOperations/CITG/DuchesneCollege,,,
/IndependentOperations/CITG/EmmanuelCollege,,,
/IndependentOperations/CITG/GraceCollege,,,
/IndependentOperations/CITG/InternationalHouse,,,
/IndependentOperations/CITG/KingsCollege,,,
/IndependentOperations/CITG/StJohnsCollege,,,
/IndependentOperations/CITG/StLeosCollege,,,
/IndependentOperations/CITG/TheWomensCollege,,,
/IndependentOperations/AGRFBrisbane,,,
/IndependentOperations/Coridon,,,
/IndependentOperations/Hydrexia,,,
/IndependentOperations/InternationalEducationServices,,,
/IndependentOperations/JKTech,,,
/IndependentOperations/ACMER,,,
/IndependentOperations/MaterHealthServices,,,
/IndependentOperations/PrimEd,,,
/IndependentOperations/QCIF,,,
/IndependentOperations/TetraQ,,,
/IndependentOperations/UniQuest,,,
/IndependentOperations/TranslationalResearchInstitute,,,
/IndependentOperations/AlumniFriends,,,
/IndependentOperations/CampusKindergarten,,,
/IndependentOperations/MargaretCribbChildCareCentre,,,
/IndependentOperations/CancerCouncilQueensland,,,
/IndependentOperations/QIMR,,,
/IndependentOperations/UnionCollege,,,
/IndependentOperations/UQUnion,,,
/IndependentOperations/UQHealthCare,,,
/IndependentOperations/UQPlayhouse,,,
/IndependentOperations/UQSport,,,
/IndependentOperations/UQCollege,uqcoll-%,%,50
/UQ/01-VC,vc%,%,50
/UQ/02-ARMS,arms%,%,50
/UQ/02-ARMS,ca-arms%,%,50
/UQ/02-ARMS,ca-iiu-%,%,50
/UQ/03-VC/005-SDVCOffice,bwc%,%,50
/UQ/03-VC/005-SDVCOffice,ca-bwc%,%,25
/UQ/03-VC/006-PVCOffice,,,
/UQ/03-VC/008-ATSISU,atsis%,%,50
/UQ/03-VC/009-EquityOffice,ca-eqty%,%,50
/UQ/03-VC/009-EquityOffice,equity%,%,50
/UQ/03-VC/012-ArtMuseum,uam%,%,50
/UQ/03-VC/012-ArtMuseum,artsmus%,%,50
/UQ/03-VC/012-ArtMuseum,artmus%,%,50
/UQ/03-VC/013-SDVCUQLibrary,,,
/UQ/03-VC/014-UQLibraryGeneral,,,
/UQ/03-VC/015-ArchitectureMusicLib,,,
/UQ/03-VC/016-BiologicalSciencesLib,,,
/UQ/03-VC/017-DentistryLib,,,
/UQ/03-VC/018-PhysicalSciEngineeringLib,,,
/UQ/03-VC/019-FryerLib,,,
/UQ/03-VC/020-GattonLib,,,
/UQ/03-VC/021-GradEcoBusLib,,,
/UQ/03-VC/022-HerstonHealthSciLib,,,
/UQ/03-VC/023-IpswichLib,uqi-stud%,%,50
/UQ/03-VC/024-CorporateServLib,,,
/UQ/03-VC/025-InformationAccessServiceLib,,,
/UQ/03-VC/026-LibTechService,lib%,%,50
/UQ/03-VC/027-PAHospitalUQLib,,,
/UQ/03-VC/028-SocialSciHumanitiesLib,,,
/UQ/03-VC/029-UQMaterMcAuleyLib,,,
/UQ/03-VC/030-WalterHarrisonLawLib,,,
/UQ/03-VC/031-LibResearchServices,,,
/UQ/03-VC/044-PVCUQDCEC,,,
/UQ/03-VC/045-ODGC,gat%,%,50
/UQ/03-VC/045-ODGC,uqg%,%,50
/UQ/03-VC/045-ODGC,gel%,%,50
/UQ/03-VC/045-ODGC,mini%,%,50
/UQ/03-VC/045-ODGC,odgc%,%,50
/UQ/03-VC/046-CAAS,,,
/UQ/03-VC/047-BoyceEstate,,,
/UQ/03-VC/048-GattonVocationalEC,odgc-gvec%,%,50
/UQ/03-VC/049-HallsofResidence,halls%,%,50
/UQ/03-VC/265-UQGattonFarms,,,
/UQ/03-VC/500-ODGCOperationalUnits,,,
/UQ/03-VC/502-PVCIEOffice,,,
/UQ/05-PAB,,,
/UQ/10-Science/050-OED,fos%,%,50
/UQ/10-Science/050-OED,mbbs%,%,50
/UQ/10-Science/050-OED,sci-fac%,%,25
/UQ/10-Science/050-OED,sci-fo-%,%,50
/UQ/10-Science/050-OED,sci%,%,75
/UQ/10-Science/050-OED/06-SciIT,fos-sciit%,%,25
/UQ/10-Science/050-OED/07-TL,ilc%,%,50
/UQ/10-Science/050-OED/09-Marketing,fos-eng%,%,25
/UQ/10-Science/050-OED/15-ChemStore,fos-chems%,%,25
/UQ/10-Science/050-OED/16-Glasshouses,fos-gh%,%,25
/UQ/10-Science/050-OED/20-OHS,fos-ohs%,%,25
/UQ/10-Science/050-OED/21-AcadAdmin,fos-acad%,%,25
/UQ/10-Science/050-OED/22-SciWkshps,fos-wksh%,%,25
/UQ/10-Science/050-OED/23-HIRS,hirs%,%,50
/UQ/10-Science/050-OED/23-HIRS,fos-hirs%,%,50
/UQ/10-Science/050-OED/23-HIRS,%,%heron%,50
/UQ/10-Science/050-OED/24-MBRS,fos-mbrs%,%,25
/UQ/10-Science/050-OED/24-MBRS,sci-mbrs%,%,25
/UQ/10-Science/050-OED/24-MBRS,mbrs-%,%,50
/UQ/10-Science/050-OED/25-LIRS,,,
/UQ/10-Science/050-OED/26-Pinjarra,,,
/UQ/10-Science/050-OED/27-BoatingDiving,fos-bd%,%,25
/UQ/10-Science/050-OED/29-GattonStudentCentre,,,
/UQ/10-Science/050-OED/30-DEC,,,
/UQ/10-Science/051-AEGRC,aegrc%,%,50
/UQ/10-Science/052-CBIT,,,
/UQ/10-Science/053-CMVC,,,
/UQ/10-Science/054-SBMS,sbms%,%,50
/UQ/10-Science/054-SBMS/11-Histology,,,
/UQ/10-Science/055-Biol,biol%,%,50
/UQ/10-Science/055-Biol,cms%,%,50
/UQ/10-Science/055-Biol,sib%,%,50
/UQ/10-Science/055-Biol,sobs%,%,50
/UQ/10-Science/055-Biol,sols%,%,50
/UQ/10-Science/055-Biol/09-Sugar,,,
/UQ/10-Science/055-Biol/10-SpatialEcology,,,
/UQ/10-Science/055-Biol/11-Wolbachia,,,
/UQ/10-Science/055-Biol/17-Coral-Reef,,,
/UQ/10-Science/055-Biol/18-CEED,,,
/UQ/10-Science/056-CMS,,,
/UQ/10-Science/057-SCMB,scmb%,%,50
/UQ/10-Science/057-SCMB/11-GCMSLab,,,
/UQ/10-Science/057-SCMB/12-ConfocalLab,,,
/UQ/10-Science/058-GPEM,%,%geosciplng%,50
/UQ/10-Science/058-GPEM,gpem%,%,50
/UQ/10-Science/058-GPEM,sees-% ,%,50
/UQ/10-Science/059-GPEMGEM,,,
/UQ/10-Science/059-GPEMGEM/02-QCPR,,,
/UQ/10-Science/059-GPEMGEM/03-ClimateResearch,,,
/UQ/10-Science/059-GPEMGEM/04-CSER,,,
/UQ/10-Science/059-GPEMGEM/05-NSISS,,,
/UQ/10-Science/059-GPEMGEM/09-NCRISTERN,,,
/UQ/10-Science/059-GPEMGEM/10-EPRG,,,
/UQ/10-Science/060-GPEM-SGPE,,,
/UQ/10-Science/061-SMP,maths%,%,50
/UQ/10-Science/061-SMP,phy%,%,50
/UQ/10-Science/061-SMP,smp%,%,50
/UQ/10-Science/061-SMP/77-QCIF,maths-qcif%,%,25
/UQ/10-Science/062-SMPPhysics,,,
/UQ/10-Science/062-SMPPhysics/02-Astro,,,
/UQ/10-Science/062-SMPPhysics/03-BiophotonicsLaser,,,
/UQ/10-Science/062-SMPPhysics/04-CondensedMatter,,,
/UQ/10-Science/062-SMPPhysics/05-QAO,,,
/UQ/10-Science/062-SMPPhysics/06-QC,,,
/UQ/10-Science/062-SMPPhysics/07-QIS,,,
/UQ/10-Science/062-SMPPhysics/08-QNS,,,
/UQ/10-Science/062-SMPPhysics/09-QSL,,,
/UQ/10-Science/062-SMPPhysics/10-LaserDiag,,,
/UQ/10-Science/062-SMPPhysics/11-LabPhysWkshop,,,
/UQ/10-Science/062-SMPPhysics/12-Xero,,,
/UQ/10-Science/063-SMPMaths,,,
/UQ/10-Science/063-SMPMaths/02-FinMath,,,
/UQ/10-Science/063-SMPMaths/03-Stats,,,
/UQ/10-Science/063-SMPMaths/04-AppMath,,,
/UQ/10-Science/063-SMPMaths/05-MathPhy,,,
/UQ/10-Science/063-SMPMaths/06-DiscreteMaths,,,
/UQ/10-Science/063-SMPMaths/07-PureMath,,,
/UQ/10-Science/063-SMPMaths/08-MathModl,,,
/UQ/10-Science/063-SMPMaths/09-CompSci,,,
/UQ/10-Science/063-SMPMaths/10-CARM,maths-carm%,%,25
/UQ/10-Science/064-SMPQCT,,,
/UQ/10-Science/065-SMPACQAO,,,
/UQ/10-Science/066-SMPMASCOS,,,
/UQ/10-Science/067-Earth,earth%,%,50
/UQ/10-Science/067-Earth,erth%,%,50
/UQ/10-Science/068-EarthESSCC,,,
/UQ/10-Science/069-CMM,cmm%,%,50
/UQ/10-Science/070-CMR,,,
/UQ/10-Science/071-CILR,%cilr%,%,50
/UQ/10-Science/072-CIPDD,cipdd%,%,50
/UQ/10-Science/072-CIPDD,tetraq%,%,50
/UQ/10-Science/072-CIPDD,mabs-dd%,%,50
/UQ/10-Science/072-CIPDD,mabs-tq%,%,50
/UQ/10-Science/072-CIPDD,mbs-dd%,%,50
/UQ/10-Science/072-CIPDD,mbs-tq%,%,50
/UQ/10-Science/073-ABEID,,,
/UQ/10-Science/074-PEA,,,
/UQ/10-Science/075-TERN,tern%,%,50
/UQ/10-Science/076-EQuS,phy_-equs%,%,25
/UQ/10-Science/077-CBCS,cbcs%,%,50
/UQ/10-Science/260-SVS,vet%,%,50
/UQ/10-Science/260-SVS,svs-%,%,50
/UQ/10-Science/266-SAFS,lafs%,%,50
/UQ/10-Science/266-SAFS,lcafs%,%,50
/UQ/10-Science/266-SAFS,nrsm%,%,50
/UQ/10-Science/266-SAFS,safs%,%,50
/UQ/10-Science/266-SAFS,sis%,%,50
/UQ/10-Science/266-SAFS/11-NativeForiculture,,,
/UQ/10-Science/266-SAFS/12-Rangelands,,,
/UQ/10-Science/266-SAFS/13-Pesticide,,,
/UQ/10-Science/266-SAFS/15-Poultry,,,
/UQ/20-Health,HS-%,%,75
/UQ/20-Health/082-FHS,FHS%,%,50
/UQ/20-Health/082-FHS,HS-20020%,%,50
/UQ/20-Health/082-FHS,HS-A082%,%,50
/UQ/20-Health/083-Dentistry,DENT%,%,50
/UQ/20-Health/083-Dentistry,HS-A083%,%,50
/UQ/20-Health/083-Dentistry,habs-de%,%,50
/UQ/20-Health/084-SHRS,HS-20084%,%,50
/UQ/20-Health/084-SHRS,HS-A084%,%,50
/UQ/20-Health/084-SHRS,SHRS%,%,50
/UQ/20-Health/084-SHRS,habs-hr%,%,50
/UQ/20-Health/085-HMS,HMS%,%,50
/UQ/20-Health/085-HMS,HS-A085%,%,50
/UQ/20-Health/085-HMS,habs-hu%,%,50
/UQ/20-Health/085-HMS,hmns%,%,50
/UQ/20-Health/086-SOM,BRF%,%,50
/UQ/20-Health/086-SOM,COH%,%,50
/UQ/20-Health/086-SOM,HS-A086%,%,50
/UQ/20-Health/086-SOM,SOM%,%,50
/UQ/20-Health/086-SOM,UQHC%,%,50
/UQ/20-Health/086-SOM,mabs-me%,%,50
/UQ/20-Health/086-SOM,mbs-me%,%,50
/UQ/20-Health/087-SOMNCS,HS-A087%,%,50
/UQ/20-Health/088-SOMSCCS,HS-A088%,%,50
/UQ/20-Health/089-SOMRBCS,HS-A089%,%,50
/UQ/20-Health/089-SOMRBCS/34-COH,,,
/UQ/20-Health/090-SOMPACS,HS-A090%,%,50
/UQ/20-Health/091-SOMMCS,HS-A091%,%,50
/UQ/20-Health/092-SOMGCS,HS-A092%,%,50
/UQ/20-Health/093-SOMICS,HS-A093%,%,50
/UQ/20-Health/094-SOMWCS,HS-A094%,%,50
/UQ/20-Health/095-SOMRUSC,HS-A095%,%,50
/UQ/20-Health/096-SONM,HS-A096%,%,50
/UQ/20-Health/096-SONM,habs-nm%,%,50
/UQ/20-Health/096-SONM,habs-ns-%,%,50
/UQ/20-Health/096-SONM,nmsw%,%,50
/UQ/20-Health/097-PHARMACY,HS-A097%,%,50
/UQ/20-Health/097-PHARMACY,HS-MUSP%,%,50
/UQ/20-Health/097-PHARMACY,PHM%,%,50
/UQ/20-Health/097-PHARMACY,habs-ph%,%,50
/UQ/20-Health/098-SPH,HS-2219%,%,50
/UQ/20-Health/098-SPH,HS-A098%,%,50
/UQ/20-Health/098-SPH,SPH%,%,50
/UQ/20-Health/098-SPH,uqph%,%,50
/UQ/20-Health/098-SPH,mabs-po%,%,50
/UQ/20-Health/098-SPH,mbs-po%,%,50
/UQ/20-Health/098-SPH,mbs-pu%,%,50
/UQ/20-Health/108-UQCCR,CCR%,%,50
/UQ/20-Health/108-UQCCR,HS-A108%,%,50
/UQ/20-Health/108-UQCCR,mabs-cr%,%,50
/UQ/20-Health/108-UQCCR,mbs-cr%,%,50
/UQ/20-Health/109-ENTOX,ENTOX%,%,50
/UQ/20-Health/109-ENTOX,HS-A109%,%,50
/UQ/20-Health/109-ENTOX,habs-en%,%,50
/UQ/20-Health/111-CMVH,CMVH%,%,50
/UQ/20-Health/111-CMVH,HS-A111%,%,50
/UQ/20-Health/114-HCRC,HS-A114%,%,50
/UQ/20-Health/115-CYSAR,HS-A115%,%,50
/UQ/20-Health/115-CYSAR,habs-cy-%,%,50
/UQ/20-Health/115-CYSAR,cysr%,%,50
/UQ/20-Health/118-QCMRI,HS-A118%,%,50
/UQ/20-Health/118-QCMRI,mabs-qc%,%,50
/UQ/20-Health/118-QCMRI,mbs-qc%,%,50
/UQ/20-Health/118-QCMRI,mbs-ch%,%,50
/UQ/20-Health/118-QCMRI,chrc%,%,50
/UQ/20-Health/120-MRIUQ,,,
/UQ/21-HaBS,habs%,%,75
/UQ/21-HaBS,habs-sq%,%,50
/UQ/21-HaBS,habs-st%,%,50
/UQ/21-HaBS,star%,%,50
/UQ/21-HaBS/119-HaBSFaculty,habs-fo%,%,50
/UQ/21-HaBS/119-HaBSFaculty,habs%,%,50
/UQ/21-HaBS/119-HaBSFaculty,poch%,%,50
/UQ/21-HaBS/119-HaBSFaculty/01-ExecDean,,,
/UQ/21-HaBS/119-HaBSFaculty/02-ExecutiveSupport,,,
/UQ/21-HaBS/119-HaBSFaculty/03-ResearchSupport,,,
/UQ/21-HaBS/119-HaBSFaculty/04-T&L,,,
/UQ/21-HaBS/119-HaBSFaculty/05-Advancement,,,
/UQ/21-HaBS/119-HaBSFaculty/06-Marketing,,,
/UQ/21-HaBS/119-HaBSFaculty/09-StrategicProjects,,,
/UQ/21-HaBS/119-HaBSFaculty/20-CONROD,habs-co%,%,50
/UQ/21-HaBS/119-HaBSFaculty/99-StrategicAdjustments,,,
/UQ/22-MaBS,mabs%,%,75
/UQ/22-MaBS,mbs%,%,75
/UQ/22-MaBS/510-MaBSFaculty,mabs-fo%,%,50
/UQ/22-MaBS/510-MaBSFaculty,mbs-fo%,%,50
/UQ/22-MaBS/510-MaBSFaculty/01-ExecDean,,,
/UQ/22-MaBS/510-MaBSFaculty/02-Strategic,,,
/UQ/22-MaBS/510-MaBSFaculty/03-Finance,,,
/UQ/22-MaBS/510-MaBSFaculty/04-HR,,,
/UQ/22-MaBS/510-MaBSFaculty/05-SAA,,,
/UQ/22-MaBS/510-MaBSFaculty/06-Advancement,,,
/UQ/22-MaBS/510-MaBSFaculty/07-Marketing,,,
/UQ/22-MaBS/510-MaBSFaculty/08-OHS,,,
/UQ/22-MaBS/510-MaBSFaculty/09-MajorProjects,,,
/UQ/22-MaBS/510-MaBSFaculty/10-Research,,,
/UQ/22-MaBS/510-MaBSFaculty/11-International,,,
/UQ/22-MaBS/510-MaBSFaculty/12-IT,,,
/UQ/22-MaBS/510-MaBSFaculty/99-EDAdjustment,,,
/UQ/23-Medicine,med%,%,75
/UQ/30-Arts/136-ExecDeanOffice,arts%,%,50
/UQ/30-Arts/137-Ipswich,uqi-lap%,%,50
/UQ/30-Arts/137-Ipswich,uqi-staff%,%,50
/UQ/30-Arts/138-AusLit,auslit%,%,50
/UQ/30-Arts/139-CCCS,cccs%,%,50
/UQ/30-Arts/139-CCCS,iash%,%,50
/UQ/30-Arts/140-HED,ched%,%,50
/UQ/30-Arts/141-EMSAH,emsah%,%,50
/UQ/30-Arts/141-EMSAH,hass-ca-%,%,50
/UQ/30-Arts/141-EMSAH,sca%,%,50
/UQ/30-Arts/142-HPRC,hprc%,%,50
/UQ/30-Arts/142-HPRC,hass-hp-%,%,50
/UQ/30-Arts/142-HPRC,hpi%,%,50
/UQ/30-Arts/143-LCCS,slccs%,%,50
/UQ/30-Arts/143-LCCS,hass-lc-%,%,50
/UQ/30-Arts/143-LCCS,slc%,%,75
/UQ/30-Arts/144-Music,music%,%,50
/UQ/30-Arts/145-IML,iml%,%,50
/UQ/30-Arts/145-IML,hass-iml-%,%,50
/UQ/30-Arts/146-Confucius,conf%,%,50
/UQ/30-Arts/146-Confucius,hass-ci-%,%,50
/UQ/30-Arts/147-HistEmot,emo%,%,50
/UQ/40-EAIT,eait%,%,50
/UQ/40-EAIT,itee%,%,50
/UQ/40-EAIT,%,%eait%,50
/UQ/40-EAIT/165-Dean,,,
/UQ/40-EAIT/167-AWMC,,,
/UQ/40-EAIT/170-ChemEng,,,
/UQ/40-EAIT/171-CivilEng,,,
/UQ/40-EAIT/172-MME,,,
/UQ/40-EAIT/173-MiningENG,,,
/UQ/40-EAIT/173-MiningENG/15-CRCMining,crc%,%,50
/UQ/40-EAIT/174-Materials,,,
/UQ/40-EAIT/177-ARCFunNan,,,
/UQ/40-EAIT/178-Architecture,,,
/UQ/40-EAIT/182-ITEE,,,
/UQ/40-EAIT/183-ARCComSys,,,
/UQ/40-EAIT/184-ARCRNEII,,,
/UQ/40-EAIT/185-CtrMedTech,,,
/UQ/50-SBS,sbs%,%,50
/UQ/50-SBS/208-SBSOffice,,,
/UQ/50-SBS/209-Education,hass-ed%,%,50
/UQ/50-SBS/209-Education,edu%,%,50
/UQ/50-SBS/210-SJC,hass-jc%,%,50
/UQ/50-SBS/211-POLSIS,hass-ps%,%,50
/UQ/50-SBS/211-POLSIS,polsis%,%,50
/UQ/50-SBS/212-Psychology,habs-py%,%,50
/UQ/50-SBS/212-Psychology,psy%,%,50
/UQ/50-SBS/213-SocialSci,hass-ss%,%,50
/UQ/50-SBS/213-SocialSci,socsci%,%,50
/UQ/50-SBS/214-SWAHS,habs-sw%,%,50
/UQ/51-HaSS/215-HaSSFaculty,hass%,%,75
/UQ/51-HaSS,cpf%,%,50
/UQ/51-HaSS/215-HaSSFaculty,hass-fo%,%,50
/UQ/51-HaSS/215-HaSSFaculty/01-ExecDean,,,
/UQ/51-HaSS/215-HaSSFaculty/02-FacultyOffice,,,
/UQ/51-HaSS/215-HaSSFaculty/03-Strategic,,,
/UQ/51-HaSS/215-HaSSFaculty/04-IT,,,
/UQ/51-HaSS/215-HaSSFaculty/05-Marketing,,,
/UQ/51-HaSS/215-HaSSFaculty/99-EDAdjustment,,,
/UQ/60-BEL,,,
/UQ/60-BEL/234-OED/02-FacOffBEL,bel%,%,75
/UQ/60-BEL/234-OED/04-BELCompLab,ccb%,%,50
/UQ/60-BEL/234-OED/04-BELCompLab,cha%,%,50
/UQ/60-BEL/234-OED/04-BELCompLab,gpn%,%,50
/UQ/60-BEL/235-Business,%,%business%,50
/UQ/60-BEL/235-Business,uqbs%,%,50
/UQ/60-BEL/236-Economics,soe%,%,50
/UQ/60-BEL/237-Law,law%,%,50
/UQ/60-BEL/237-Law,%,%law%,50
/UQ/60-BEL/238-Tourism,sot%,%,50
/UQ/60-BEL/238-Tourism,tourism%,%,50
/UQ/70-NRAVS/258-NRAVSOff,,,
/UQ/70-NRAVS/259-Nutrition,,,
/UQ/70-NRAVS/260-Vet,,,
/UQ/70-NRAVS/261-AnimalStudies,,,
/UQ/70-NRAVS/262-GattonCampus,,,
/UQ/70-NRAVS/263-LCAFS,,,
/UQ/70-NRAVS/264-NRSM,,,
/UQ/70-NRAVS/265-UQGatFarm,,,
/UQ/82-DVC/285-DVCAcad,,,
/UQ/82-DVC/286-TEDI,tedi%,%,50
/UQ/82-DVC/287-OfficeUQEdu,,,
/UQ/82-DVC/288-OfficeProsStuSchl,,,
/UQ/82-DVC/289-CEIT,ceit%,%,50
/UQ/82-DVC/290-CIPL,cipl%,%,50
/UQ/82-DVC/292-ITALI,itali%,%,50
/UQ/82-DVC/292-ITALI/01-TeachingExcellence,,,
/UQ/82-DVC/292-ITALI/02-InnovationAnalytics,,,
/UQ/82-DVC/292-ITALI/03-UQx,,,
/UQ/82-DVC/324-AcadServDiv,,,
/UQ/82-DVC/325-HealthServDirectorate,uhs%,%,50
/UQ/82-DVC/326-AcadAdminDirectorate,,,
/UQ/82-DVC/327-StudAdminDirectorate,ca-sasd%,%,50
/UQ/82-DVC/327-StudAdminDirectorate/03-StudentCentre,ca-stc%,%,50
/UQ/82-DVC/327-StudAdminDirectorate/03-StudentCentre,sss%,%,50
/UQ/82-DVC/327-StudAdminDirectorate/08-Exams,ca-exam%,%,50
/UQ/82-DVC/327-StudAdminDirectorate/10-SINet,ca-sint%,%,50
/UQ/82-DVC/328-StudentServDirectorate/,ca-ss%,%,50
/UQ/82-DVC/328-StudentServDirectorate,ca-chap%,%,50
/UQ/82-DVC/328-StudentServDirectorate/09-Acommodation,ca-acom%,%,50
/UQ/82-DVC/364-StudentAffairsDiv,ca-oue%,%,50
/UQ/82-DVC/364-StudentAffairsDiv,oue%,%,50
/UQ/82-DVC/365-AcadServDiv,,,
/UQ/82-DVC/379-GraduateSchool,gradsc%,%,50
/UQ/83-DVCI,,,
/UQ/83-DVCI/297-OfficeDVCI,dvci%,%,50
/UQ/83-DVCI/298-UQInternational,ca-ied%,%,50
/UQ/83-DVCI/298-UQInternational,uqin%,%,50
/UQ/83-DVCI/306-ICTE,icte%,%,50
/UQ/83-DVCI/307-AusAID,,,
/UQ/83-DVCI/308-InternationalDev,uqid%,%,50
/UQ/84-EDO,,,
/UQ/84-EDO/299-PFDiv,pf%,%,50
/UQ/84-EDO/300-PFAdmin,,,
/UQ/84-EDO/301-PFConstruction,,,
/UQ/84-EDO/302-PFPlanning,,,
/UQ/84-EDO/303-PFEngineering,,,
/UQ/84-EDO/304-PFOperations,,,
/UQ/84-EDO/305-PFServices,,,
/UQ/84-EDO/310-PFSustainability,,,
/UQ/84-EDO/316-OfficeEDO,ca-edo%,%,50
/UQ/84-EDO/319-FBS,fbs%,%,50
/UQ/84-EDO/319-FBS,ca-fbs-%,%,50
/UQ/84-EDO/320-PFTraffic,ca-traf%,%,50
/UQ/84-EDO/321-HR,ca-hr%,%,25
/UQ/84-EDO/321-HR,ca-ps%,%,50
/UQ/84-EDO/321-HR,hr%,%,50
/UQ/84-EDO/322-OHS,ca-ohs%,%,50
/UQ/84-EDO/322-OHS,ps-ohs%,%,50
/UQ/84-EDO/322-OHS,ps-wim%,%,50
/UQ/84-EDO/322-OHS,hsw%,%,50
/UQ/84-EDO/323-CorporateOperations,ca%,%,75
/UQ/84-EDO/323-CorporateOperations,ca-co%,%,25
/UQ/84-EDO/323-CorporateOperations,iao%,%,50
/UQ/84-EDO/323-CorporateOperations,co%,%,50
/UQ/84-EDO/329-HROther,,,
/UQ/84-EDO/330-HRWIM,,,
/UQ/84-EDO/331-LegalOffice,ca-legl%,%,50
/UQ/84-EDO/331-LegalOffice,legl%,%,50
/UQ/84-EDO/349-PlanningOffice,,,
/UQ/84-EDO/350-ITS,its%,%,75
/UQ/84-EDO/351-ITSArchitecture,its-arc%,%,50
/UQ/84-EDO/352-ITSOperations,its-ops%,%,50
/UQ/84-EDO/353-ITSStrategyPlanning,its-str%,%,50
/UQ/84-EDO/354-ITSAusCert,301%,%,50
/UQ/84-EDO/355-ITSInternet,its-int%,%,50
/UQ/84-EDO/356-ITSCorporateServices,its-cse%,%,50
/UQ/84-EDO/357-ITSResearchTeachingSup,its-rts%,%,50
/UQ/84-EDO/358-ITSPhoenix,its-ph%,%,50
/UQ/84-EDO/359-ITSQRNO,its-qrno%,%,50
/UQ/84-EDO/360-ITSNetworks,its-av%,%,50
/UQ/84-EDO/360-ITSNetworks,its-net%,%,50
/UQ/84-EDO/360-ITSNetworks,its-un%,%,50
/UQ/84-EDO/361-ITSEnterpriseSupport,its-eas%,%,50
/UQ/84-EDO/362-ITSAcademicServices,its-acs%,%,50
/UQ/84-EDO/362-ITSAcademicServices,its-dss%,%,50
/UQ/84-EDO/362-ITSAcademicServices,cts%,%,50
/UQ/84-EDO/363-ITSCorporateSupport,its-csu%,%,50
/UQ/84-EDO/470-Printery,,,
/UQ/85-UQPress/377-UQPress,uqpod%,%,50
/UQ/85-UQPress/377-UQPress,uqp-%,%,50
/UQ/86-DVCER,,,
/UQ/86-DVCER/002-DVCER-Office,,,
/UQ/86-DVCER/004-ProtocolCeremonies,ca-prot%,%,50
/UQ/86-DVCER/007-Advancement,ca-adv%,%,50
/UQ/86-DVCER/007-Advancement,ca-adva%,%,25
/UQ/86-DVCER/007-Advancement,adv%,%,50
/UQ/86-DVCER/010-OMC,ca-omc%,%,25
/UQ/86-DVCER/010-OMC,omc%,%,50
/UQ/86-DVCER/011-CustomsHouse,ch%,%,75
/UQ/86-DVCER/011-CustomsHouse,custh%,%,50
/UQ/86-DVCER/041-PVCAdv,,,
/UQ/86-DVCER/501-DonationsBequests,,,
/UQ/89-DVC,,,
/UQ/89-DVC/378-DVCROffice,,,
/UQ/89-DVC/380-ResearchInnovation,rid%,%,50
/UQ/89-DVC/381-CIRM,cirm%,%,50
/UQ/89-DVC/382-UQBR,uqbr%,%,50
/UQ/89-DVC/382-UQBR/22-HMRC,mabs-mr%,%,50
/UQ/89-DVC/382-UQBR/22-HMRC,mbs-mr%,%,50
/UQ/89-DVC/383-PVCRI,,,
/UQ/89-DVC/385-CAI,cai%,%,50
/UQ/89-DVC/385-CAI/02-DirectorsOperations,,,
/UQ/89-DVC/385-CAI/03-Operations,,,
/UQ/89-DVC/385-CAI/06-InformationTechnology,,,
/UQ/89-DVC/387-TrustFoundationRelations,,,
/UQ/89-DVC/380-ResearchInnovation,rdsi%,%,50
/UQ/89-DVC/393-UQEnergy,,,
/UQ/89-DVC/396-RCC,rcc-%,%,50
/UQ/89-DVC/397-ResearchPartnerships,,,
/UQ/90-AIBN,aibn%,%,50
/UQ/91-UQDI,%,%di%,75
/UQ/91-UQDI,di-%,%,50
/UQ/91-UQDI,uqdi%,%,50
/UQ/92-ISSR,issr%,%,50
/UQ/92-ISSR/412-ISSR,,,
/UQ/92-ISSR/413-ISSRExRes,,,
/UQ/92-ISSR/414-ACA,,,
/UQ/92-ISSR/415-ACPACS,,,
/UQ/92-ISSR/417-UQSRC,,,
/UQ/92-ISSR/418-ARCNSISS,,,
/UQ/92-ISSR/419-QCSSI,,,
/UQ/93-SMI/428-SMIOffice,smi%,%,50
/UQ/93-SMI/429-CMLR,cmlr%,%,50
/UQ/93-SMI/430-SRIM,csrm%,%,50
/UQ/93-SMI/431-MISH,mishc%,%,50
/UQ/93-SMI/432-JKMRC,jkm%,%,50
/UQ/93-SMI/433-WHBryan,brc%,%,50
/UQ/93-SMI/434-CWMI,cwimi%,%,50
/UQ/93-SMI/435-CCSC,ccsg%,%,50
/UQ/94-IMB/444-IMB,imb%,%,50
/UQ/94-IMB/445-IMBAdmin,,,
/UQ/94-IMB/446-Chemstruct,,,
/UQ/94-IMB/447-Molgenetic,,,
/UQ/94-IMB/448-Cellbiol,,,
/UQ/94-IMB/449-Genomics,,,
/UQ/94-IMB/450-SharedFac,,,
/UQ/95-QBI/460-QBI,qbi%,%,50
/UQ/95-QBI/461-SLC,,,
/UQ/95-QBI/462-Ageing,,,
/UQ/96-GCI,gci%,%,50
/UQ/97-QAAFI/259-CNAFS,cnafs%,%,50
/UQ/97-QAAFI/386-QAAFI,qaafi%,%,50
/UQ/97-QAAFI/389-CAS,,,
/UQ/97-QAAFI/390-CPS,cbit%,%,50
/UQ/97-QAAFI/390-CPS/02-CBIT,,,
/UQ/99-UniCorp,,,
/UQ/40-EAIT,fw005%,%,50
/UQ/40-EAIT,fw200%,%,50
/UQ/40-EAIT,fw201%,%,50
/UQ/40-EAIT,fw202%,%,50
/UQ/40-EAIT,fw206%,%,50
/UQ/40-EAIT,fw207%,%,50
/UQ/40-EAIT,fw209%,%,50
/UQ/40-EAIT,fw211%,%,50
/UQ/40-EAIT,fw212%,%,50
/UQ/40-EAIT,fw213%,%,50
/UQ/40-EAIT,fw215%,%,50
/UQ/40-EAIT,fw216%,%,50
/UQ/40-EAIT,fw218%,%,50
/UQ/40-EAIT,fw252%,%,50
/UQ/40-EAIT,fw257%,%,50
/UQ/40-EAIT,fw302b%,%,40
/UQ/40-EAIT,fw303%,%,50
/UQ/40-EAIT,fw304%,%,50
/UQ/40-EAIT,fw307%,%,50
/UQ/40-EAIT,fw308%,%,50
/UQ/40-EAIT,fw310%,%,50
/UQ/40-EAIT,fw311%,%,50
/UQ/40-EAIT,fw401%,%,50
/UQ/40-EAIT,fw403%,%,50
/UQ/40-EAIT,fw404a%,%,40
/UQ/40-EAIT,fw407%,%,50
/UQ/40-EAIT,fw409%,%,50
/UQ/40-EAIT,fw410%,%,50
/UQ/40-EAIT,fw411%,%,50
/UQ/40-EAIT,fw412%,%,50
/UQ/40-EAIT,fw413%,%,50
/UQ/40-EAIT,fw415%,%,50
/UQ/40-EAIT,fw416%,%,50
/UQ/40-EAIT,fa154%,%,50
/UQ/40-EAIT,fa159%,%,50
/UQ/40-EAIT,fa160%,%,50
/UQ/40-EAIT,fa161a%,%,40
/UQ/40-EAIT,fa204%,%,50
/UQ/40-EAIT,fa251%,%,50
/UQ/40-EAIT,fa252%,%,50
/UQ/40-EAIT,fa253%,%,50
/UQ/40-EAIT,fa255%,%,50
/UQ/40-EAIT,fa257%,%,50
/UQ/40-EAIT,fa258%,%,50
/UQ/40-EAIT,fa259%,%,50
/UQ/40-EAIT,fa260%,%,50
/UQ/40-EAIT,fa261%,%,50
/UQ/40-EAIT,fa262%,%,50
/UQ/40-EAIT,fa266%,%,50
/UQ/40-EAIT,ms003%,%,50
/UQ/40-EAIT,ms100%,%,50
/UQ/40-EAIT,ms101%,%,50
/UQ/40-EAIT,ms103%,%,50
/UQ/40-EAIT,ms104%,%,50
/UQ/40-EAIT,ms105%,%,50
/UQ/40-EAIT,ms106%,%,50
/UQ/40-EAIT,ms114%,%,50
/UQ/40-EAIT,ms115%,%,50
/UQ/40-EAIT,ms120%,%,50
/UQ/40-EAIT,ms121%,%,50
/UQ/40-EAIT,ms122%,%,50
/UQ/40-EAIT,ms126%,%,50
/UQ/40-EAIT,ms127%,%,50
/UQ/40-EAIT,ms130%,%,50
/UQ/40-EAIT,ms133%,%,50
/UQ/40-EAIT,ms134%,%,50
/UQ/40-EAIT,ms139%,%,50
/UQ/40-EAIT,ms202%,%,50
/UQ/40-EAIT,ms203%,%,50
/UQ/40-EAIT,ms205%,%,50
/UQ/40-EAIT,ms206%,%,50
/UQ/40-EAIT,ms207%,%,50
/UQ/40-EAIT,ms210%,%,50
/UQ/40-EAIT,ms215%,%,50
/UQ/40-EAIT,ms216%,%,50
/UQ/40-EAIT,ms217%,%,50
/UQ/40-EAIT,ms218%,%,50
/UQ/40-EAIT,ms303%,%,50
/UQ/40-EAIT,ms304%,%,50
/UQ/40-EAIT,ms305%,%,50
/UQ/40-EAIT,ms306%,%,50
/UQ/40-EAIT,ms307%,%,50
/UQ/40-EAIT,ms309%,%,50
/UQ/40-EAIT,ms310%,%,50
/UQ/40-EAIT,ms313%,%,50
/UQ/40-EAIT,ms314%,%,50
/UQ/40-EAIT,ms318%,%,50
/UQ/40-EAIT,ms319%,%,50
/UQ/40-EAIT,ms320%,%,50
/UQ/40-EAIT,ms321%,%,50
/UQ/40-EAIT,ms322%,%,50
/UQ/40-EAIT,ms402%,%,50
/UQ/40-EAIT,ms403%,%,50
/UQ/40-EAIT,ms405%,%,50
/UQ/40-EAIT,ms406%,%,50
/UQ/40-EAIT,ms407%,%,50
/UQ/40-EAIT,ms410%,%,50
/UQ/40-EAIT,ms413%,%,50
/UQ/40-EAIT,ms424%,%,50
/UQ/40-EAIT,ms425%,%,50
/UQ/40-EAIT,ms427%,%,50
/UQ/40-EAIT,ms501%,%,50
/UQ/40-EAIT,ms502%,%,50
/UQ/40-EAIT,ms503%,%,50
/UQ/40-EAIT,ms504%,%,50
/UQ/40-EAIT,ms515%,%,50
/UQ/40-EAIT,ms516%,%,50
/UQ/40-EAIT,ms517%,%,50
/UQ/40-EAIT,ms518%,%,50
/UQ/40-EAIT,ms519%,%,50
/UQ/40-EAIT,ms521%,%,50
/UQ/40-EAIT,ms522%,%,50
/UQ/40-EAIT,ms523%,%,50
/UQ/40-EAIT,ms525%,%,50
/UQ/40-EAIT,ax101%,%,50
/UQ/40-EAIT,ax104%,%,50
/UQ/40-EAIT,ax105%,%,50
/UQ/40-EAIT,ax106%,%,50
/UQ/40-EAIT,ax207%,%,50
/UQ/40-EAIT,ax208%,%,50
/UQ/40-EAIT,ax209%,%,50
/UQ/40-EAIT,ax210%,%,50
/UQ/40-EAIT,ax213%,%,50
/UQ/40-EAIT,ax214%,%,50
/UQ/40-EAIT,ax303%,%,50
/UQ/40-EAIT,ax304%,%,50
/UQ/40-EAIT,ax307%,%,50
/UQ/40-EAIT,ax308%,%,50
/UQ/40-EAIT,ax309%,%,50
/UQ/40-EAIT,ax310%,%,50
/UQ/40-EAIT,ax311%,%,50
/UQ/40-EAIT,ax401%,%,50
/UQ/40-EAIT,ax402%,%,50
/UQ/40-EAIT,ax403%,%,50
/UQ/40-EAIT,ax405%,%,50
/UQ/40-EAIT,ax406%,%,50
/UQ/40-EAIT,ax407%,%,50
/UQ/40-EAIT,ax501%,%,50
/UQ/40-EAIT,ax507%,%,50
/UQ/40-EAIT,ae101%,%,50
/UQ/40-EAIT,ae105%,%,50
/UQ/40-EAIT,ae106%,%,50
/UQ/40-EAIT,ae107%,%,50
/UQ/40-EAIT,ae111%,%,50
/UQ/40-EAIT,ae112%,%,50
/UQ/40-EAIT,ae115%,%,50
/UQ/40-EAIT,ae119%,%,50
/UQ/40-EAIT,ae122%,%,50
/UQ/40-EAIT,ae129%,%,50
/UQ/40-EAIT,ae219%,%,50
/UQ/40-EAIT,ae220%,%,50
/UQ/40-EAIT,ae222%,%,50
/UQ/40-EAIT,ae233a%,%,40
/UQ/40-EAIT,ae234%,%,50
/UQ/40-EAIT,ae237%,%,50
/UQ/40-EAIT,ae238%,%,50
/UQ/40-EAIT,ae239%,%,50
/UQ/40-EAIT,ae241%,%,50
/UQ/40-EAIT,ae272%,%,50
/UQ/40-EAIT,ae301%,%,50
/UQ/40-EAIT,ae302%,%,50
/UQ/40-EAIT,ae313%,%,50
/UQ/40-EAIT,ae316%,%,50
/UQ/40-EAIT,ae401%,%,50
/UQ/40-EAIT,ae402%,%,50
/UQ/40-EAIT,ae412%,%,50
/UQ/40-EAIT,ae413%,%,50
/UQ/40-EAIT,ae414%,%,50
/UQ/40-EAIT,ae417%,%,50
/UQ/40-EAIT,ae418%,%,50
/UQ/40-EAIT,ae419%,%,50
/UQ/40-EAIT,ae421%,%,50
/UQ/40-EAIT,ae423%,%,50
/UQ/40-EAIT,ae425%,%,50
/UQ/40-EAIT,ae426%,%,50
/UQ/40-EAIT,ae429%,%,50
/UQ/40-EAIT,ae434%,%,50
/UQ/40-EAIT,ae435%,%,50
/UQ/40-EAIT,ae437%,%,50
/UQ/40-EAIT,ae438%,%,50
/UQ/40-EAIT,ae439%,%,50
/UQ/40-EAIT,ae440%,%,50
/UQ/40-EAIT,ae443%,%,50
/UQ/40-EAIT,ae444%,%,50
/UQ/40-EAIT,ae446a%,%,40
/UQ/40-EAIT,ae447%,%,50
/UQ/40-EAIT,ae502%,%,50
/UQ/40-EAIT,ae517%,%,50
/UQ/40-EAIT,ae520%,%,50
/UQ/40-EAIT,ae521%,%,50
/UQ/40-EAIT,ae523%,%,50
/UQ/40-EAIT,ae524%,%,50
/UQ/40-EAIT,ae526%,%,50
/UQ/40-EAIT,ae527%,%,50
/UQ/40-EAIT,ae529%,%,50
/UQ/40-EAIT,ae531%,%,50
/UQ/40-EAIT,ae532%,%,50
/UQ/40-EAIT,ae535%,%,50
/UQ/40-EAIT,ae540%,%,50
/UQ/40-EAIT,ae541%,%,50
/UQ/40-EAIT,ae542%,%,50
/UQ/40-EAIT,ae543%,%,50
/UQ/40-EAIT,ae544%,%,50
/UQ/40-EAIT,ae545%,%,50
/UQ/40-EAIT,ae546%,%,50
/UQ/40-EAIT,ae548%,%,50
/UQ/40-EAIT,ae550%,%,50
/UQ/40-EAIT,ae551%,%,50
/UQ/40-EAIT,ae552%,%,50
/UQ/40-EAIT,ae553%,%,50
/UQ/40-EAIT,ae555%,%,50
/UQ/40-EAIT,ae601%,%,50
/UQ/40-EAIT,ae616%,%,50
/UQ/40-EAIT,ae619%,%,50
/UQ/40-EAIT,ae627%,%,50
/UQ/40-EAIT,ae628%,%,50
/UQ/40-EAIT,ae629%,%,50
/UQ/40-EAIT,ae630%,%,50
/UQ/40-EAIT,ae634%,%,50
/UQ/40-EAIT,ae644%,%,50
/UQ/40-EAIT,ae650%,%,50
/UQ/40-EAIT,ae652%,%,50
/UQ/40-EAIT,ae655%,%,50
/UQ/40-EAIT,hc102%,%,50
/UQ/40-EAIT,hs102%,%,50
/UQ/40-EAIT,hs103%,%,50
/UQ/40-EAIT,hc104%,%,50
/UQ/40-EAIT,hs104%,%,50
/UQ/40-EAIT,hs105%,%,50
/UQ/40-EAIT,hs106%,%,50
/UQ/40-EAIT,hc107%,%,50
/UQ/40-EAIT,hs107%,%,50
/UQ/40-EAIT,hc108%,%,50
/UQ/40-EAIT,hs108%,%,50
/UQ/40-EAIT,hc109%,%,50
/UQ/40-EAIT,hc110%,%,50
/UQ/40-EAIT,hs142%,%,50
/UQ/40-EAIT,hc201%,%,50
/UQ/40-EAIT,hs202%,%,50
/UQ/40-EAIT,hc203%,%,50
/UQ/40-EAIT,hs203%,%,50
/UQ/40-EAIT,hc204%,%,50
/UQ/40-EAIT,hs204%,%,50
/UQ/40-EAIT,hs205%,%,50
/UQ/40-EAIT,hc207%,%,50
/UQ/40-EAIT,hs207%,%,50
/UQ/40-EAIT,hs208%,%,50
/UQ/40-EAIT,hs209%,%,50
/UQ/40-EAIT,hs210%,%,50
/UQ/40-EAIT,hs214%,%,50
/UQ/40-EAIT,hs215%,%,50
/UQ/40-EAIT,hs216%,%,50
/UQ/40-EAIT,hs217%,%,50
/UQ/40-EAIT,hs218%,%,50
/UQ/40-EAIT,hs219%,%,50
/UQ/40-EAIT,hs221%,%,50
/UQ/40-EAIT,hs224%,%,50
/UQ/40-EAIT,hs225%,%,50
/UQ/40-EAIT,hs227%,%,50
/UQ/40-EAIT,hs228%,%,50
/UQ/40-EAIT,hs229%,%,50
/UQ/40-EAIT,hs2348%,%,50
/UQ/40-EAIT,hc301%,%,50
/UQ/40-EAIT,hs301%,%,50
/UQ/40-EAIT,hc302%,%,50
/UQ/40-EAIT,hs303%,%,50
/UQ/40-EAIT,hs304%,%,50
/UQ/40-EAIT,hs306%,%,50
/UQ/40-EAIT,hs307%,%,50
/UQ/40-EAIT,hs309%,%,50
/UQ/40-EAIT,hs310%,%,50
/UQ/40-EAIT,hs311%,%,50
/UQ/40-EAIT,hs312%,%,50
/UQ/40-EAIT,hs313%,%,50
/UQ/40-EAIT,hs314%,%,50
/UQ/40-EAIT,hs315%,%,50
/UQ/40-EAIT,hs316%,%,50
/UQ/40-EAIT,hs317%,%,50
/UQ/40-EAIT,hs319%,%,50
/UQ/40-EAIT,hs320%,%,50
/UQ/40-EAIT,hs321%,%,50
/UQ/40-EAIT,hs322%,%,50
/UQ/40-EAIT,hs401%,%,50
/UQ/40-EAIT,hc402%,%,50
/UQ/40-EAIT,hs402%,%,50
/UQ/40-EAIT,hc403%,%,50
/UQ/40-EAIT,hs403%,%,50
/UQ/40-EAIT,hc404%,%,50
/UQ/40-EAIT,hs404%,%,50
/UQ/40-EAIT,hs406%,%,50
/UQ/40-EAIT,hs407%,%,50
/UQ/40-EAIT,hs410%,%,50
/UQ/40-EAIT,hs411%,%,50
/UQ/40-EAIT,hs412%,%,50
/UQ/40-EAIT,hs413%,%,50
/UQ/40-EAIT,hs501%,%,50
/UQ/40-EAIT,hs502%,%,50
/UQ/40-EAIT,hs503%,%,50
/UQ/40-EAIT,hs504%,%,50
/UQ/40-EAIT,hs505%,%,50
/UQ/40-EAIT,hs506%,%,50
/UQ/40-EAIT,hs507%,%,50
/UQ/40-EAIT,hs513%,%,50
/UQ/40-EAIT,zc101%,%,50
/UQ/40-EAIT,zc214%,%,50
/UQ/40-EAIT,zc217%,%,50
/UQ/40-EAIT,zc218%,%,50
/UQ/40-EAIT,zc219%,%,50
/UQ/40-EAIT,zc222%,%,50
/UQ/40-EAIT,zc223%,%,50
/UQ/40-EAIT,zc306%,%,50
/UQ/40-EAIT,zc307%,%,50
/UQ/40-EAIT,zc309%,%,50
/UQ/40-EAIT,zc310%,%,50
/UQ/40-EAIT,zc312%,%,50
/UQ/40-EAIT,zc318%,%,50
/UQ/40-EAIT,zc319%,%,50
/UQ/40-EAIT,zc328%,%,50
/UQ/40-EAIT,zc329%,%,50
/UQ/40-EAIT,zc330%,%,50
/UQ/40-EAIT,zc480a%,%,40
/UQ/40-EAIT,zc481%,%,50
/UQ/40-EAIT,zc508%,%,50
/UQ/40-EAIT,zc516b%,%,40
/UQ/40-EAIT,zc517%,%,50
/UQ/40-EAIT,ce102%,%,50
/UQ/40-EAIT,ce103%,%,50
/UQ/40-EAIT,ce105%,%,50
/UQ/40-EAIT,ce106%,%,50
/UQ/40-EAIT,ce107%,%,50
/UQ/40-EAIT,ce108a%,%,40
/UQ/40-EAIT,ce109%,%,50
/UQ/40-EAIT,ce113b%,%,40
/UQ/40-EAIT,ce115%,%,50
/UQ/40-EAIT,ce120%,%,50
/UQ/40-EAIT,ce121%,%,50
/UQ/40-EAIT,ce131%,%,50
/UQ/40-EAIT,ce132%,%,50
/UQ/40-EAIT,ce203%,%,50
/UQ/40-EAIT,ce204%,%,50
/UQ/40-EAIT,ce207%,%,50
/UQ/40-EAIT,ce208%,%,50
/UQ/40-EAIT,ce209%,%,50
/UQ/40-EAIT,ce211%,%,50
/UQ/40-EAIT,ce213%,%,50
/UQ/40-EAIT,ce214%,%,50
/UQ/40-EAIT,ce215%,%,50
/UQ/40-EAIT,ce220%,%,50
/UQ/40-EAIT,ce221%,%,50
/UQ/40-EAIT,ce222%,%,50
/UQ/40-EAIT,ce230%,%,50
/UQ/40-EAIT,ce231%,%,50
/UQ/40-EAIT,ce300%,%,50
/UQ/40-EAIT,ce302%,%,50
/UQ/40-EAIT,ce304%,%,50
/UQ/40-EAIT,ce305%,%,50
/UQ/40-EAIT,ce307%,%,50
/UQ/40-EAIT,ce309%,%,50
/UQ/40-EAIT,ce310%,%,50
/UQ/40-EAIT,ce311%,%,50
/UQ/40-EAIT,ce314%,%,50
/UQ/40-EAIT,ce315%,%,50
/UQ/40-EAIT,ce316%,%,50
/UQ/40-EAIT,ce317%,%,50
/UQ/40-EAIT,ce318%,%,50
/UQ/40-EAIT,ce319%,%,50
/UQ/40-EAIT,ce321%,%,50
/UQ/40-EAIT,ce322%,%,50
/UQ/40-EAIT,ce323%,%,50
/UQ/40-EAIT,ce324%,%,50
/UQ/40-EAIT,ce326%,%,50
/UQ/40-EAIT,ce329%,%,50
/UQ/40-EAIT,ce330%,%,50
/UQ/40-EAIT,ce331%,%,50
/UQ/40-EAIT,ce333%,%,50
/UQ/40-EAIT,ce335%,%,50
/UQ/40-EAIT,ce336%,%,50
/UQ/40-EAIT,ce337%,%,50
/UQ/40-EAIT,ce340%,%,50
/UQ/40-EAIT,ce341%,%,50
/UQ/40-EAIT,ce342%,%,50
/UQ/40-EAIT,ce343%,%,50
/UQ/40-EAIT,ce344%,%,50
/UQ/40-EAIT,gs105%,%,50
/UQ/40-EAIT,gs108%,%,50
/UQ/40-EAIT,gs109%,%,50
/UQ/40-EAIT,gs110%,%,50
/UQ/40-EAIT,gs112%,%,50
/UQ/40-EAIT,gs113%,%,50
/UQ/40-EAIT,gs116%,%,50
/UQ/40-EAIT,gs117%,%,50
/UQ/40-EAIT,gs121%,%,50
/UQ/40-EAIT,gs122%,%,50
/UQ/40-EAIT,gs204%,%,50
/UQ/40-EAIT,gs207%,%,50
/UQ/40-EAIT,gs208%,%,50
/UQ/40-EAIT,gs209%,%,50
/UQ/40-EAIT,gs210%,%,50
/UQ/40-EAIT,gs212%,%,50
/UQ/40-EAIT,gs217%,%,50
/UQ/40-EAIT,gs220%,%,50
/UQ/40-EAIT,gs222%,%,50
/UQ/40-EAIT,gs223%,%,50
/UQ/40-EAIT,gs304%,%,50
/UQ/40-EAIT,gs305%,%,50
/UQ/40-EAIT,gs306a%,%,40
/UQ/40-EAIT,gs306b%,%,40
/UQ/40-EAIT,gs306c%,%,40
/UQ/40-EAIT,gs306d%,%,40
/UQ/40-EAIT,gs306e%,%,40
/UQ/40-EAIT,gs306f%,%,40
/UQ/40-EAIT,gs311%,%,50
/UQ/40-EAIT,gs312%,%,50
/UQ/40-EAIT,gs315%,%,50
/UQ/40-EAIT,gs316%,%,50
/UQ/40-EAIT,gs318%,%,50
/UQ/40-EAIT,gs319%,%,50
/UQ/40-EAIT,gs320%,%,50
/UQ/40-EAIT,gs321%,%,50
/UQ/40-EAIT,gs323%,%,50
/UQ/40-EAIT,gs324%,%,50
/UQ/40-EAIT,gs328%,%,50
/UQ/40-EAIT,gs329%,%,50
/UQ/40-EAIT,gs330%,%,50
/UQ/40-EAIT,gs331%,%,50
/UQ/40-EAIT,gs332%,%,50
/UQ/40-EAIT,gs336%,%,50
/UQ/40-EAIT,gs348%,%,50
/UQ/40-EAIT,gs349%,%,50
/UQ/40-EAIT,gs404%,%,50
/UQ/40-EAIT,gs405%,%,50
/UQ/40-EAIT,gs406%,%,50
/UQ/40-EAIT,gs407%,%,50
/UQ/40-EAIT,gs412%,%,50
/UQ/40-EAIT,gs413%,%,50
/UQ/40-EAIT,gs414%,%,50
/UQ/40-EAIT,gs419%,%,50
/UQ/40-EAIT,gs424%,%,50
/UQ/40-EAIT,gs425%,%,50
/UQ/40-EAIT,gs428%,%,50
/UQ/40-EAIT,gs429%,%,50
/UQ/40-EAIT,gs430%,%,50
/UQ/40-EAIT,gs431%,%,50
/UQ/40-EAIT,gs432%,%,50
/UQ/40-EAIT,gs435%,%,50
/UQ/40-EAIT,gs437%,%,50
/UQ/40-EAIT,gs442%,%,50
/UQ/40-EAIT,gs443%,%,50
/UQ/40-EAIT,gs444%,%,50
/UQ/40-EAIT,gs445%,%,50
/UQ/40-EAIT,gs446%,%,50
/UQ/40-EAIT,gs447%,%,50
/UQ/40-EAIT,gs448%,%,50
/UQ/40-EAIT,gs449%,%,50
/UQ/40-EAIT,gs450%,%,50
/UQ/40-EAIT,gs457%,%,50
/UQ/40-EAIT,gs458%,%,50
/UQ/40-EAIT,gs459%,%,50
/UQ/40-EAIT,gs504%,%,50
/UQ/40-EAIT,gs509%,%,50
/UQ/40-EAIT,gs510%,%,50
/UQ/40-EAIT,gs511%,%,50
/UQ/40-EAIT,gs512%,%,50
/UQ/40-EAIT,gs513%,%,50
/UQ/40-EAIT,gs516%,%,50
/UQ/40-EAIT,gs520%,%,50
/UQ/40-EAIT,gs521%,%,50
/UQ/40-EAIT,gs522%,%,50
/UQ/40-EAIT,gs523%,%,50
/UQ/40-EAIT,gs526%,%,50
/UQ/40-EAIT,gs528%,%,50
/UQ/40-EAIT,gs529%,%,50
/UQ/40-EAIT,gs530%,%,50
/UQ/40-EAIT,gs531%,%,50
/UQ/40-EAIT,gs532%,%,50
/UQ/40-EAIT,gs533%,%,50
/UQ/40-EAIT,gs535%,%,50
/UQ/40-EAIT,gs537%,%,50
/UQ/40-EAIT,gs538%,%,50
/UQ/40-EAIT,gs540%,%,50
/UQ/40-EAIT,gs541%,%,50
/UQ/40-EAIT,gs546%,%,50
/UQ/40-EAIT,gs547%,%,50
/UQ/40-EAIT,gs548%,%,50
/UQ/40-EAIT,gs549%,%,50
/UQ/40-EAIT,gs604%,%,50
/UQ/40-EAIT,gs605%,%,50
/UQ/40-EAIT,gs606%,%,50
/UQ/40-EAIT,gs612%,%,50
/UQ/40-EAIT,gs613%,%,50
/UQ/40-EAIT,gs614%,%,50
/UQ/40-EAIT,gs615%,%,50
/UQ/40-EAIT,gs616%,%,50
/UQ/40-EAIT,gs617%,%,50
/UQ/40-EAIT,gs621%,%,50
/UQ/40-EAIT,gs624%,%,50
/UQ/40-EAIT,gs625%,%,50
/UQ/40-EAIT,gs626%,%,50
/UQ/40-EAIT,gs627%,%,50
/UQ/40-EAIT,gs628%,%,50
/UQ/40-EAIT,gs629%,%,50
/UQ/40-EAIT,gs630%,%,50
/UQ/40-EAIT,gs631%,%,50
/UQ/40-EAIT,gs632%,%,50
/UQ/40-EAIT,gs633%,%,50
/UQ/40-EAIT,gs634%,%,50
/UQ/40-EAIT,gs636%,%,50
/UQ/40-EAIT,gs637%,%,50
/UQ/40-EAIT,gs639%,%,50
/UQ/40-EAIT,gs640%,%,50
/UQ/40-EAIT,gs641%,%,50
/UQ/40-EAIT,gs642%,%,50
/UQ/40-EAIT,gs643%,%,50
/UQ/40-EAIT,gs649%,%,50
/UQ/40-EAIT,gs651%,%,50
/UQ/40-EAIT,gs652%,%,50
/UQ/40-EAIT,gs706%,%,50
/UQ/40-EAIT,gs709%,%,50
/UQ/40-EAIT,gs710%,%,50
/UQ/40-EAIT,gs78%,%,50
/UQ/40-EAIT,sc101%,%,50
/UQ/40-EAIT,sc102%,%,50
/UQ/60-BEL/236-Economics,eco%,%,50
/UQ/60-BEL/236-Economics,bel-eco-%,%,50
/UQ/60-BEL/236-Economics,bel-ec-%,%,50
/UQ/60-BEL/234-OED/02-FacOffBEL,bel-fo-%,%,50
/UQ/60-BEL/237-Law,bel-lw-%,%,50
/UQ/84-EDO/323-CorporateOperations,ca-fscc-%,%,50
/UQ/84-EDO/323-CorporateOperations,fscc%,%,50
/UQ/84-EDO/323-CorporateOperations,ca-rec-%,%,50
/UQ/84-EDO/323-CorporateOperations,rmas%,%,50
/UQ/84-EDO/323-CorporateOperations,ca-asd-%,%,50
/UQ/84-EDO/323-CorporateOperations,asd%,%,50
/UQ/84-EDO/323-CorporateOperations,fsa%,%,50
/UQ/89-DVC/397-ResearchPartnerships,core-%,%,50
/UQ/83-DVCI/306-ICTE,icte-%,%,50
